collection.site,maternal.id,seed.1,seed.2,seed.3,seed.4,seed.5,seed.6,seed.7,seed.8,seed.9,seed.10,seed.11,seed.12,seed.13,seed.14,seed.15,seed.16,seed.17,seed.18,seed.19,seed.20
Sirnak,2926,0.10199,0.11859,0.12281,0.12128,0.11215,0.12308,0.12711,0.10598,0.10885,0.11909,0.12485,0.12024,0.12926,0.12381,0.11741,0.1105,0.1148,0.12603,0.10728,0.10724
Sirnak,2927,0.09401,0.12182,0.11731,0.124,0.11435,0.12517,0.12965,0.12602,0.12946,0.11997,0.11739,0.12423,0.12008,0.11333,0.12575,0.11598,0.12578,0.10713,0.13006,0.11695
Sirnak,2928,0.11462,0.11886,0.11329,0.11548,0.10408,0.11571,0.10846,0.09881,0.13136,0.1074,0.10633,0.12416,0.11194,0.10865,0.11333,0.12214,0.12754,0.11697,0.10256,0.12294
Sirnak,2929,0.11084,0.13322,0.13918,0.1206,0.1567,0.11908,0.13386,0.13783,0.14496,0.14257,0.13392,0.1237,0.13211,0.13211,0.13526,0.14473,0.13299,0.13667,0.13772,0.13421
Sirnak,2932,0.10758,0.10433,0.11818,0.1087,0.12257,0.11658,0.12263,0.11717,0.12411,0.10605,0.11449,0.11041,0.11283,0.11428,0.109,0.12916,0.11449,0.10734,0.10708,0.11939
Sirnak,2933,0.1072,0.09871,0.11784,0.10952,0.10707,0.11614,0.12034,0.09735,0.11758,0.10226,0.09665,0.12192,0.12463,0.11719,0.10834,0.09153,0.10961,0.09254,0.12538,0.11671
Sirnak,2934,0.11481,0.13517,0.11278,0.10368,0.12272,0.10543,0.11231,0.12607,0.13032,0.11803,0.12845,0.12432,0.09971,0.11037,0.12513,0.12394,0.11416,0.10794,0.12347,0.12607
Sirnak,2935,0.11239,0.10307,0.12052,0.11972,0.10409,0.12335,0.1108,0.10638,0.10341,0.11137,0.11658,0.11026,0.0871,0.11383,0.11576,0.11325,0.11168,0.1208,0.11919,0.10188
Sirnak,2936,0.1262,0.10991,0.11049,0.11732,0.11714,0.11989,0.11428,0.12073,0.10991,0.11057,0.11691,0.10791,0.1073,0.11214,0.11421,0.10578,0.11782,0.11173,0.10457,0.11484
Sirnak,2937,0.12885,0.11255,0.1149,0.12924,0.11023,0.12273,0.10124,0.115,0.1209,0.12544,0.11571,0.12431,0.12541,0.13002,0.10855,0.11961,0.12657,0.12041,0.11458,0.10868
Sirnak,2938,0.12424,0.15609,0.1336,0.13646,0.13485,0.1309,0.12418,0.13643,0.13559,0.11858,0.13609,0.13441,0.11691,0.13416,0.14035,0.11579,0.13777,0.13777,0.12717,0.12642
Sirnak,2939,0.12638,0.12484,0.12542,0.13182,0.13251,0.12346,0.12859,0.12927,0.13343,0.12274,0.11837,0.1323,0.12683,0.14017,0.13158,0.12759,0.13178,0.1345,0.12133,0.11277
Sirnak,2940,0.12199,0.12717,0.11646,0.13229,0.13121,0.139,0.12968,0.13913,0.14098,0.13387,0.13544,0.12433,0.12874,0.14795,0.14678,0.156,0.13751,0.12114,0.15051,0.14375
Sirnak,2941,0.12049,0.10965,0.11009,0.11586,0.11895,0.11996,0.10994,0.09011,0.11958,0.11258,0.1117,0.10275,0.12469,0.11766,0.10653,0.1013,0.10949,0.11164,0.10215,0.10411
Sirnak,2942,0.10608,0.12496,0.11957,0.12526,0.13202,0.11458,0.11177,0.1222,0.11524,0.11073,0.12306,0.11556,0.11023,0.12813,0.11402,0.12031,0.12787,0.11577,0.13086,0.12478
Sirnak,2944,0.106,0.1099,0.12016,0.10297,0.11325,0.11921,0.11903,0.11048,0.09765,0.09164,0.11637,0.12152,0.10843,0.11031,0.12264,0.11669,0.11253,0.09658,0.10869,0.11282
Sirnak,2945,0.14771,0.14369,0.13045,0.13837,0.12069,0.13416,0.12585,0.14254,0.12042,0.14078,0.15173,0.12643,0.13182,0.12888,0.15468,0.11862,0.12953,0.1296,0.1283,0.12344
Sirnak,2947,0.12788,0.11622,0.12012,0.12417,0.13708,0.11645,0.12055,0.10682,0.13341,0.11513,0.12909,0.10713,0.123,0.11704,0.1278,0.12109,0.11099,0.12733,0.11977,0.11786
Sirnak,2948,0.14681,0.13136,0.13728,0.15047,0.12345,0.14036,0.11181,0.12413,0.12873,0.12315,0.13342,0.12717,0.12405,0.12487,0.11374,0.13757,0.1319,0.13329,0.11563,0.13021
Sirnak,2949,0.11045,0.11245,0.11744,0.11698,0.12169,0.11854,0.11488,0.1005,0.12627,0.12248,0.11956,0.10229,0.09937,0.11739,0.119,0.11114,0.11362,0.11595,0.11396,0.11629
Sirnak,2950,0.11853,0.11637,0.13239,0.11731,0.12831,0.10173,0.11395,0.12987,0.11016,0.12056,0.11031,0.11109,0.11676,0.11757,0.1172,0.1152,0.12282,0.11676,0.12482,0.11988
Sirnak,2951,0.11763,0.11085,0.13211,0.12306,0.1101,0.12026,0.10653,0.10332,0.13376,0.12801,0.11313,0.10747,0.12106,0.10283,0.11981,0.12141,0.10092,0.12208,0.12337,0.12551
Sirnak,2952,0.16097,0.12553,0.13174,0.13359,0.15413,0.1397,0.14585,0.15291,0.14426,0.1259,0.13609,0.12829,0.15227,0.13683,0.14893,0.12394,0.12993,0.13773,0.14458,0.13566
Sirnak,2953,0.12209,0.12015,0.11801,0.1208,0.12047,0.11796,0.11205,0.11779,0.11834,0.12032,0.16434,0.11599,0.11762,0.11981,0.11561,0.12531,0.12039,0.11856,0.12131,0.11396
Sirnak,2954,0.13811,0.13075,0.12214,0.129,0.09097,0.12991,0.12256,0.12634,0.12494,0.13467,0.13804,0.12858,0.11478,0.12956,0.11275,0.10946,0.13502,0.12102,0.12305,0.13005
Sirnak,2956,0.11491,0.12578,0.11665,0.11923,0.12592,0.12797,0.11281,0.11738,0.12007,0.12004,0.09779,0.11598,0.11553,0.11396,0.11245,0.11858,0.12659,0.12755,0.11132,0.12245
Sirnak,2957,0.1122,0.12166,0.10889,0.11057,0.1027,0.10027,0.10958,0.11542,0.12077,0.12097,0.1329,0.12731,0.12112,0.1074,0.11726,0.12047,0.11052,0.11102,0.11186,0.11577
Sirnak,2958,0.12294,0.07182,0.09354,0.12385,0.11679,0.14649,0.14011,0.12317,0.15242,0.09187,0.11967,0.11542,0.1076,0.09962,0.10839,0.09795,0.12218,0.10669,0.1193,0.1509
Sirnak,2959,0.09827,0.10348,0.08724,0.09873,0.10408,0.10422,0.10892,0.10636,0.10952,0.09822,0.12739,0.09538,0.12813,0.11134,0.11827,0.09636,0.11906,0.1059,0.09799,0.10283
Sirnak,2960,0.1279,0.1235,0.12721,0.13018,0.12207,0.13077,0.12175,0.14349,0.13686,0.11364,0.13448,0.1279,0.12631,0.10542,0.13501,0.13304,0.13108,0.12112,0.12181,0.13797
Sirnak,2961,0.12472,0.13129,0.11285,0.11891,0.11902,0.12458,0.12581,0.11649,0.12559,0.12985,0.11021,0.13202,0.13292,0.13064,0.12815,0.12714,0.13194,0.13024,0.12942,0.10061
Sirnak,2962,0.10661,0.11976,0.11494,0.11415,0.11746,0.11902,0.14163,0.1215,0.13002,0.12023,0.12111,0.11473,0.12193,0.11613,0.11984,0.10167,0.11843,0.11333,0.11465,0.11899
Sirnak,2963,0.1194,0.1286,0.12876,0.11956,0.12752,0.12167,0.13148,0.12095,0.12504,0.13118,0.12964,0.11921,0.12386,0.1295,0.14097,0.12588,0.1224,0.12948,0.11934,0.1392
Sirnak,2964,0.10452,0.10777,0.11144,0.12957,0.11425,0.11349,0.11369,0.10945,0.11027,0.11418,0.10102,0.11287,0.11576,0.11548,0.09936,0.12005,0.11206,0.10692,0.12161,0.11019
Sirnak,2965,0.12283,0.14584,0.14344,0.1255,0.12547,0.12781,0.1206,0.12749,0.13728,0.12392,0.11621,0.12075,0.1374,0.11858,0.1199,0.13025,0.13611,0.13233,0.1192,0.11805
Sirnak,2967,0.11512,0.11421,0.11352,0.11392,0.13185,0.12119,0.11607,0.11432,0.11258,0.10543,0.12996,0.10774,0.11909,0.11785,0.10847,0.11156,0.1273,0.11429,0.11607,0.11512
Sirnak,2968,0.12221,0.11946,0.119,0.13037,0.10323,0.1236,0.13151,0.14588,0.11219,0.11823,0.12491,0.1105,0.1198,0.11109,0.12386,0.12157,0.12622,0.11042,0.11227,0.10839
Sirnak,2969,0.14572,0.15589,0.15188,0.14279,0.14743,0.17516,0.14761,0.13311,0.1449,0.15337,0.15053,0.15796,0.15053,0.15778,0.13203,0.13,0.14801,0.13811,0.14081,0.15958
Sirnak,2971,0.10768,0.11489,0.12696,0.11041,0.10512,0.11665,0.1168,0.10547,0.10992,0.11628,0.11223,0.12994,0.12485,0.1127,0.112,0.10818,0.10815,0.11533,0.11342,0.1042
Sirnak,2972,0.14089,0.13622,0.14395,0.12018,0.12355,0.15652,0.16015,0.14136,0.15283,0.14634,0.14754,0.13482,0.15039,0.12625,0.13414,0.13643,0.15553,0.12879,0.13658,0.1399
Sirnak,2973,0.1022,0.09919,0.10125,0.11118,0.11702,0.11032,0.11613,0.1128,0.10328,0.11403,0.09665,0.12139,0.1233,0.12009,0.10623,0.09843,0.11108,0.10601,0.10065,0.10861
Sirnak,2974,0.11068,0.09895,0.11368,0.10675,0.12038,0.10898,0.12371,0.11571,0.11775,0.1264,0.12552,0.09876,0.12632,0.11321,0.11143,0.11656,0.10252,0.11711,0.11439,0.10876
Sirnak,2975,0.11927,0.1231,0.1317,0.14089,0.13769,0.12505,0.13514,0.12703,0.11186,0.15519,0.13626,0.13967,0.13396,0.12902,0.13257,0.12606,0.135,0.13762,0.13518,0.15234
Sirnak,2976,0.1433,0.11679,0.12633,0.13891,0.1461,0.12807,0.13007,0.12108,0.14136,0.15034,0.13626,0.14535,0.14056,0.12528,0.11539,0.13182,0.13636,0.13222,0.13312,0.1471
Sirnak,2977,0.11002,0.11719,0.1164,0.11548,0.11408,0.13677,0.12969,0.11098,0.12296,0.1185,0.13943,0.13143,0.12007,0.12221,0.12361,0.11522,0.09817,0.10285,0.13353,0.1206
Sirnak,2978,0.12516,0.1121,0.12516,0.12713,0.12358,0.11203,0.13988,0.11066,0.11754,0.10852,0.13679,0.14434,0.11403,0.11723,0.12565,0.11006,0.11919,0.14016,0.12987,0.11241
Sirnak,2979,0.07898,0.11654,0.07134,0.12943,0.11018,0.11654,0.1136,0.10063,0.13015,0.11654,0.12521,0.12569,0.12625,0.0754,0.12338,0.13747,0.08909,0.13842,0.12482,0.08853
Sirnak,2980,0.12178,0.11447,0.10556,0.1213,0.12019,0.09907,0.13193,0.10182,0.14655,0.12229,0.11158,0.11632,0.12401,0.11468,0.11786,0.12182,0.10763,0.10905,0.1213,0.1152
Sirnak,2981,0.12381,0.07237,0.11552,0.11189,0.12472,0.13551,0.1304,0.14528,0.11779,0.13426,0.18582,0.06658,0.08486,0.13403,0.143,0.13187,0.09985,0.1614,0.12461,0.12313
Sirnak,2982,0.11806,0.11746,0.11343,0.12085,0.14407,0.11937,0.12628,0.12709,0.12336,0.11833,0.11407,0.12306,0.12014,0.11255,0.12585,0.12041,0.12397,0.11272,0.11514,0.11678
Sirnak,2983,0.14165,0.13794,0.13787,0.14015,0.13669,0.12871,0.1189,0.13309,0.13452,0.10575,0.11256,0.12863,0.12568,0.1333,0.13277,0.14008,0.13127,0.13698,0.1358,0.13281
Sirnak,2984,0.12409,0.11769,0.12535,0.12853,0.13984,0.10368,0.1252,0.11811,0.12081,0.11906,0.10067,0.12493,0.11426,0.11029,0.11848,0.14327,0.11309,0.12298,0.1067,0.11484
Sirnak,2985,0.13737,0.12426,0.11865,0.1295,0.12713,0.12183,0.1301,0.12,0.12412,0.11259,0.12155,0.13289,0.13376,0.14893,0.13376,0.12203,0.13365,0.13971,0.12527,0.12429
Sirnak,2986,0.12583,0.13518,0.12952,0.13085,0.12215,0.12872,0.13251,0.12239,0.09494,0.12854,0.12304,0.11467,0.12374,0.11222,0.12765,0.12027,0.108,0.14889,0.12497,0.13011
Sirnak,2988,0.16685,0.13921,0.14062,0.13718,0.14726,0.14191,0.1384,0.12087,0.12991,0.15146,0.14039,0.15073,0.12807,0.13346,0.12427,0.13877,0.14006,0.15696,0.12958,0.14696
Sirnak,2989,0.12252,0.12467,0.11893,0.15162,0.13841,0.10663,0.13027,0.12706,0.1219,0.1397,0.12759,0.13458,0.12295,0.12367,0.11218,0.13453,0.12611,0.13376,0.12099,0.12027
Sirnak,2990,0.14167,0.14869,0.14226,0.14009,0.15227,0.14328,0.14617,0.13406,0.13857,0.14737,0.14996,0.14669,0.14284,0.14088,0.13927,0.13965,0.14207,0.10075,0.13991,0.15181
Sirnak,2991,0.11469,0.13826,0.12034,0.11551,0.1158,0.11833,0.11804,0.11895,0.11661,0.13157,0.11356,0.11758,0.11807,0.12966,0.12956,0.11336,0.0908,0.11132,0.12807,0.1193
Sirnak,2993,0.11765,0.11543,0.11664,0.12707,0.12161,0.10466,0.11804,0.12087,0.12258,0.12192,0.11562,0.11978,0.10371,0.10042,0.12577,0.12179,0.11804,0.11052,0.11897,0.1134
Sirnak,2994,0.13533,0.12471,0.1373,0.1527,0.15319,0.13632,0.15066,0.14806,0.13969,0.14131,0.13688,0.13765,0.12246,0.13885,0.10967,0.12689,0.14749,0.14328,0.12422,0.14025
Sirnak,2995,0.13642,0.1181,0.12796,0.1411,0.13221,0.13089,0.12673,0.11827,0.13111,0.12702,0.13557,0.13111,0.12293,0.14994,0.1201,0.12873,0.13982,0.13612,0.13514,0.153
Sirnak,2996,0.1185,0.11587,0.15945,0.1184,0.11776,0.11895,0.11975,0.11742,0.11597,0.12159,0.11736,0.11611,0.11306,0.11365,0.11538,0.1175,0.11744,0.11228,0.11784,0.11856
Sirnak,2998,0.12641,0.12137,0.12283,0.12341,0.11212,0.12586,0.12528,0.1292,0.13831,0.13542,0.13399,0.12134,0.13933,0.14332,0.12127,0.11246,0.12692,0.11698,0.12263,0.12831
Sirnak,3001,0.12855,0.13117,0.12228,0.11096,0.11808,0.12131,0.12423,0.12022,0.1257,0.12315,0.11324,0.12716,0.13012,0.11771,0.11778,0.10923,0.12048,0.10304,0.12157,0.12127
Sirnak,3002,0.14921,0.10564,0.13939,0.11117,0.11253,0.12118,0.12755,0.11994,0.1139,0.11851,0.12508,0.11422,0.11273,0.12085,0.12313,0.12268,0.11734,0.12124,0.10362,0.11234
Sirnak,3003,0.09656,0.11085,0.10495,0.11924,0.09182,0.11072,0.10965,0.1147,0.11646,0.10381,0.10233,0.10501,0.117,0.11924,0.10703,0.10873,0.1076,0.12612,0.11302,0.11126
Sirnak,3004,0.15898,0.15611,0.13926,0.13198,0.14858,0.13327,0.13127,0.14775,0.1252,0.12902,0.13477,0.1361,0.14558,0.1502,0.13526,0.16077,0.1361,0.13493,0.15473,0.13414
Sirnak,3005,0.10106,0.1664,0.14158,0.10698,0.13349,0.10595,0.16574,0.10115,0.11525,0.14177,0.09626,0.17552,0.072,0.11102,0.10848,0.08883,0.14177,0.10576,0.13124,0.10585
Sirnak,3006,0.13467,0.11795,0.123,0.11573,0.13214,0.11814,0.20472,0.1215,0.12952,0.11803,0.12885,0.13529,0.12253,0.11663,0.11578,0.11891,0.09661,0.1149,0.11925,0.11296
Sirnak,3007,0.11886,0.1223,0.12056,0.10868,0.12637,0.11229,0.11865,0.11695,0.12421,0.12136,0.10478,0.13358,0.12552,0.11924,0.11318,0.10728,0.12293,0.11576,0.08811,0.12213
Sirnak,3008,0.12423,0.12905,0.14016,0.13935,0.11635,0.13376,0.12945,0.09309,0.1319,0.13184,0.1254,0.13662,0.13127,0.13364,0.12929,0.12904,0.12688,0.12947,0.13287,0.13736
Sirnak,3010,0.12951,0.11921,0.13024,0.11053,0.09329,0.10901,0.09319,0.10772,0.1172,0.11428,0.11425,0.11253,0.11244,0.113,0.10835,0.12164,0.11314,0.10401,0.12531,0.10911
Sirnak,3011,0.12518,0.15101,0.15338,0.14198,0.11978,0.15036,0.13435,0.15361,0.13384,0.14859,0.14752,0.13495,0.14919,0.13319,0.12904,0.12867,0.12346,0.14044,0.14314,0.13723
Sirnak,3012,0.12128,0.10464,0.11651,0.1128,0.12166,0.10816,0.12215,0.11853,0.10196,0.11351,0.11554,0.11148,0.11638,0.11287,0.11162,0.10852,0.11829,0.11716,0.11568,0.11835
Sirnak,3013,0.15292,0.12132,0.12441,0.12498,0.13099,0.12456,0.11784,0.1199,0.12239,0.11425,0.11151,0.11738,0.12281,0.10714,0.1135,0.12456,0.12527,0.12424,0.15001,0.11908
Sirnak,3014,0.10914,0.12375,0.11271,0.12061,0.10931,0.11053,0.11262,0.11845,0.1126,0.11405,0.11501,0.10763,0.11901,0.10946,0.09315,0.11759,0.10084,0.11782,0.11038,0.10533
Sirnak,3015,0.11208,0.11154,0.11366,0.09996,0.1073,0.10694,0.10901,0.10063,0.09689,0.10027,0.12042,0.11672,0.10198,0.10059,0.08855,0.10987,0.12934,0.12362,0.10748,0.08833
Sirnak,3016,0.11701,0.10392,0.10791,0.11971,0.12808,0.1275,0.11782,0.10557,0.11902,0.11708,0.09467,0.10957,0.12091,0.11631,0.11859,0.11124,0.13009,0.11069,0.11712,0.11491
Sirnak,3017,0.12625,0.10438,0.12933,0.12036,0.08636,0.11477,0.11019,0.12622,0.09987,0.12914,0.11496,0.12877,0.1219,0.12145,0.12757,0.11038,0.12066,0.1222,0.12074,0.11192
Sirnak,3018,0.1213,0.10531,0.11722,0.10477,0.11463,0.11304,0.11101,0.10585,0.11876,0.12097,0.11053,0.11684,0.11628,0.11806,0.09384,0.1028,0.11034,0.11949,0.1159,0.11387
Sirnak,3020,0.1457,0.15712,0.14576,0.14159,0.15295,0.13882,0.13989,0.14216,0.14513,0.15971,0.14153,0.13623,0.14317,0.14469,0.14292,0.14191,0.17138,0.1681,0.15945,0.12954
Sirnak,3021,0.17564,0.1607,0.15424,0.1344,0.16669,0.13744,0.15506,0.16249,0.14452,0.14817,0.15206,0.15463,0.14436,0.15307,0.15066,0.13981,0.13569,0.16113,0.15704,0.14755
Sirnak,3023,0.12914,0.13287,0.13809,0.1294,0.13414,0.11676,0.13843,0.11617,0.13041,0.11566,0.11812,0.1255,0.1405,0.14347,0.12978,0.11863,0.12461,0.12719,0.12384,0.12308
Sirnak,3024,0.131,0.13273,0.13341,0.12096,0.14031,0.12865,0.13207,0.13987,0.1399,0.13891,0.14494,0.1399,0.13667,0.1281,0.12659,0.13578,0.10203,0.13292,0.14505,0.15277
Sirnak,3025,0.09876,0.12375,0.122,0.11113,0.08044,0.11987,0.12544,0.1007,0.10815,0.12103,0.08756,0.14492,0.1211,0.14343,0.15593,0.08491,0.12848,0.13418,0.1334,0.09902
Sirnak,3026,0.12095,0.11177,0.12164,0.12244,0.11617,0.12882,0.12913,0.12882,0.12043,0.12087,0.12852,0.11787,0.11765,0.10912,0.09842,0.11735,0.11721,0.11344,0.10527,0.11526
Sirnak,3028,0.12254,0.16192,0.15016,0.13895,0.12285,0.13448,0.13334,0.13895,0.14556,0.12108,0.1374,0.13658,0.14478,0.14332,0.13334,0.12349,0.13042,0.13443,0.12185,0.13981
Sirnak,3029,0.13757,0.15816,0.14596,0.14719,0.14648,0.14564,0.14441,0.1477,0.14538,0.12622,0.14609,0.12886,0.12819,0.14183,0.12486,0.11506,0.1448,0.13203,0.12757,0.14222
Sirnak,3030,0.11783,0.12288,0.11888,0.09773,0.125,0.09948,0.12047,0.11275,0.11066,0.11794,0.11622,0.11869,0.09948,0.13125,0.11649,0.1262,0.12099,0.12801,0.11955,0.14082
Sirnak,3032,0.13854,0.13304,0.13901,0.12609,0.12931,0.14224,0.14945,0.13579,0.13193,0.13257,0.13924,0.12854,0.11625,0.12676,0.13716,0.12637,0.13611,0.12356,0.11702,0.12331
Sirnak,3033,0.16152,0.09997,0.13812,0.12662,0.09159,0.13325,0.17274,0.14299,0.13839,0.12472,0.12094,0.17775,0.11269,0.09659,0.13014,0.13433,0.18018,0.15868,0.09077,0.15759
Sirnak,3034,0.11225,0.1169,0.11326,0.11491,0.11082,0.11046,0.11757,0.11651,0.11005,0.11203,0.11495,0.11271,0.1124,0.11714,0.14898,0.11482,0.11158,0.1148,0.10842,0.1146
Sirnak,3035,0.12405,0.11829,0.13383,0.13107,0.11408,0.12967,0.12847,0.13835,0.12292,0.12265,0.13364,0.11941,0.12722,0.12178,0.13537,0.12155,0.12443,0.11771,0.13145,0.14979
Sirnak,3036,0.11734,0.12121,0.12698,0.10843,0.1137,0.10242,0.1191,0.11623,0.11641,0.10848,0.11133,0.10021,0.09944,0.1157,0.11436,0.10819,0.09942,0.1195,0.10751,0.12927
Sirnak,3037,0.11874,0.11467,0.11784,0.12872,0.11652,0.1108,0.11516,0.11209,0.12598,0.11394,0.11659,0.10921,0.13272,0.11639,0.11581,0.12201,0.1149,0.12604,0.09625,0.10852
Sirnak,3038,0.11163,0.12661,0.23767,0.11554,0.11736,0.1178,0.11315,0.11882,0.12568,0.11985,0.13003,0.14814,0.11471,0.11892,0.13243,0.11672,0.14017,0.11278,0.10576,0.12612
Sirnak,3039,0.12369,0.08611,0.11348,0.12044,0.09972,0.11138,0.10145,0.11321,0.11104,0.10965,0.11744,0.11525,0.10473,0.10742,0.112,0.12165,0.10894,0.1069,0.11491,0.11713
Sirnak,3040,0.12416,0.11929,0.13026,0.12131,0.12044,0.13454,0.13782,0.13319,0.13264,0.13406,0.1162,0.13165,0.13141,0.13695,0.11307,0.13612,0.12539,0.12297,0.13351,0.14678
Sirnak,3041,0.11392,0.12743,0.10292,0.13579,0.11226,0.11222,0.11546,0.10471,0.13356,0.11924,0.10824,0.11542,0.12488,0.1226,0.11145,0.12358,0.13652,0.11644,0.11007,0.12135
Sirnak,3042,0.10212,0.10182,0.11668,0.10925,0.11261,0.10601,0.09945,0.10542,0.10542,0.10141,0.11537,0.1203,0.1012,0.1157,0.12719,0.10221,0.10215,0.09466,0.10723,0.11056
Sirnak,3043,0.13155,0.11635,0.133,0.1208,0.11063,0.12995,0.14421,0.1383,0.13417,0.12761,0.13323,0.1247,0.133,0.12531,0.15584,0.11128,0.13534,0.12634,0.13849,0.13178
Sirnak,3044,0.15057,0.14731,0.14906,0.14707,0.12273,0.14497,0.1313,0.14561,0.15256,0.14804,0.14385,0.11947,0.14298,0.14789,0.12926,0.1605,0.13665,0.12999,0.15286,0.14227
Sirnak,3045,0.11642,0.10497,0.1028,0.11719,0.12976,0.14136,0.10147,0.15568,0.10748,0.11167,0.14143,0.11146,0.10252,0.10895,0.12613,0.17768,0.12928,0.14164,0.11838,0.09854
Sirnak,3047,0.1178,0.12396,0.10619,0.11526,0.12113,0.117,0.10504,0.11279,0.12463,0.10268,0.11736,0.1272,0.10675,0.11848,0.11871,0.11429,0.12944,0.11691,0.11485,0.10056
Sirnak,3048,0.09918,0.09928,0.11237,0.11837,0.11126,0.10767,0.09729,0.10346,0.11762,0.10571,0.10656,0.08394,0.12131,0.10995,0.11814,0.11321,0.11612,0.12212,0.11181,0.09154
Sirnak,3049,0.12805,0.11489,0.12618,0.1247,0.11702,0.13736,0.13761,0.12228,0.1173,0.12502,0.11896,0.11637,0.12452,0.11611,0.11272,0.10753,0.11593,0.11038,0.11435,0.12445
Sirnak,3050,0.13207,0.12275,0.12487,0.13766,0.12266,0.12289,0.12317,0.12179,0.1339,0.13461,0.14032,0.11838,0.11746,0.13056,0.12663,0.12738,0.13131,0.12755,0.12656,0.13249
Sirnak,3051,0.10632,0.12015,0.11992,0.11026,0.12058,0.12649,0.12493,0.11593,0.11304,0.11442,0.13027,0.11632,0.11034,0.12102,0.11489,0.12731,0.12549,0.09393,0.1109,0.11031
Sirnak,3052,0.11963,0.13155,0.11649,0.12118,0.10794,0.11635,0.11361,0.12196,0.11738,0.12426,0.11214,0.12927,0.10422,0.12573,0.12354,0.12343,0.1173,0.11151,0.10915,0.11754
Sirnak,3053,0.12324,0.11337,0.12088,0.12703,0.12643,0.13086,0.13061,0.13064,0.11709,0.12854,0.1346,0.11736,0.12134,0.12661,0.12577,0.11555,0.1239,0.13335,0.13185,0.11954
Sirnak,3055,0.11641,0.12114,0.13547,0.13659,0.11976,0.13696,0.12155,0.13126,0.11426,0.13428,0.1199,0.126,0.13083,0.12946,0.12902,0.14082,0.11712,0.12021,0.12771,0.14151
Sirnak,3056,0.11272,0.11447,0.09866,0.1195,0.11924,0.10216,0.10394,0.12322,0.11033,0.10397,0.10961,0.10158,0.116,0.12131,0.10158,0.12886,0.11959,0.10971,0.10475,0.11677
Sirnak,3057,0.15959,0.13696,0.10592,0.13824,0.12959,0.12563,0.12246,0.13504,0.13836,0.11874,0.13011,0.12775,0.13284,0.12418,0.13596,0.14001,0.12835,0.12466,0.14786,0.12587
Sirnak,3058,0.11307,0.13021,0.13115,0.11566,0.10003,0.11732,0.11375,0.11509,0.10793,0.1099,0.11329,0.09581,0.10933,0.12367,0.12108,0.11155,0.11663,0.12091,0.11848,0.1109
Sirnak,3059,0.10789,0.10366,0.11365,0.11012,0.11173,0.12212,0.11177,0.11735,0.1177,0.11112,0.11299,0.10171,0.13062,0.10069,0.1077,0.11538,0.11487,0.10957,0.10861,0.11448
Sirnak,3060,0.05271,0.14929,0.11738,0.14941,0.13109,0.15714,0.12224,0.0962,0.14791,0.15265,0.14281,0.12386,0.11988,0.08274,0.11252,0.11153,0.15365,0.13246,0.14517,0.09122
Sirnak,3062,0.10332,0.17363,0.07233,0.1304,0.10147,0.14709,0.1589,0.12574,0.09356,0.08565,0.12098,0.14536,0.12683,0.11036,0.12769,0.13387,0.13571,0.08966,0.17298,0.12369
Sirnak,3063,0.12794,0.1423,0.10968,0.1194,0.12335,0.12369,0.11614,0.12212,0.10728,0.11641,0.11822,0.14219,0.12511,0.11614,0.13744,0.12586,0.11128,0.14395,0.11352,0.11294
Sirnak,3064,0.11798,0.11168,0.11375,0.11798,0.12082,0.10897,0.12887,0.12228,0.10926,0.11273,0.11862,0.11206,0.11384,0.10907,0.10286,0.14266,0.11286,0.12311,0.12107,0.11888
Sirnak,3066,0.1069,0.11152,0.11654,0.10755,0.12354,0.11396,0.12134,0.10599,0.12814,0.12214,0.12321,0.1157,0.10423,0.10929,0.11942,0.12472,0.11324,0.11111,0.10784,0.12173
Sirnak,3067,0.11328,0.11465,0.1232,0.11551,0.10746,0.12221,0.12774,0.12204,0.12393,0.1158,0.11556,0.12415,0.13375,0.10925,0.11811,0.12784,0.12047,0.11438,0.12364,0.10682
Sirnak,3068,0.11106,0.11828,0.11359,0.11402,0.12004,0.11929,0.112,0.1135,0.11309,0.11348,0.1087,0.10249,0.11389,0.1,0.12248,0.1096,0.10641,0.11099,0.11524,0.11239
Sirnak,3069,0.14131,0.13049,0.13017,0.12909,0.12941,0.14334,0.12308,0.11174,0.13088,0.10856,0.13693,0.13399,0.13287,0.13315,0.14107,0.12531,0.1439,0.1351,0.14047,0.13303
Sirnak,3070,0.11085,0.10981,0.11092,0.10876,0.09567,0.11642,0.11135,0.11661,0.10209,0.11128,0.12021,0.11334,0.10817,0.12767,0.10984,0.10686,0.10261,0.1172,0.10114,0.09407
Sirnak,3071,0.13121,0.14463,0.12723,0.12072,0.13264,0.11238,0.11789,0.13209,0.12925,0.13043,0.1203,0.13971,0.12877,0.13082,0.14515,0.13065,0.13108,0.12215,0.12242,0.1218
Sirnak,3072,0.10323,0.11681,0.1333,0.11803,0.12717,0.12073,0.11597,0.12057,0.11845,0.09932,0.1286,0.11343,0.13499,0.12014,0.10646,0.10487,0.10809,0.10968,0.11909,0.11063
Sirnak,3073,0.12268,0.12887,0.12855,0.12723,0.12115,0.12223,0.13443,0.11919,0.12347,0.11822,0.12413,0.12728,0.13692,0.12046,0.12505,0.13891,0.11523,0.12772,0.13017,0.13156
Sirnak,3074,0.1431,0.12929,0.13284,0.14616,0.1332,0.14513,0.11431,0.14909,0.14828,0.12843,0.14634,0.1323,0.14018,0.14814,0.12555,0.14751,0.13496,0.13109,0.14072,0.11615
Sirnak,3075,0.13867,0.12278,0.13381,0.13406,0.14653,0.12927,0.13315,0.13856,0.11513,0.14719,0.13921,0.14128,0.13225,0.13366,0.1217,0.11252,0.14574,0.13486,0.1218,0.1222
Sirnak,3076,0.12796,0.12543,0.12307,0.12268,0.13121,0.13143,0.1271,0.12431,0.13164,0.12847,0.1421,0.14021,0.11624,0.13297,0.12045,0.12097,0.12594,0.1289,0.12093,0.15196
Sirnak,3077,0.13458,0.12141,0.12674,0.12773,0.10593,0.13099,0.12024,0.12578,0.10182,0.11135,0.12669,0.10849,0.1146,0.12548,0.11829,0.10602,0.11218,0.10589,0.1159,0.10775
Sirnak,3078,0.11792,0.11156,0.11353,0.11184,0.13813,0.12318,0.10981,0.10079,0.11047,0.11557,0.11136,0.11353,0.10881,0.11288,0.11889,0.11442,0.11794,0.11998,0.1168,0.11663
Sirnak,3079,0.12133,0.12941,0.15864,0.20093,0.1172,0.11032,0.14901,0.14591,0.127,0.17102,0.10087,0.11754,0.10344,0.10087,0.12924,0.1803,0.10534,0.1368,0.11445,0.13474
Sirnak,3081,0.12922,0.11443,0.10012,0.11645,0.1178,0.11101,0.09971,0.12565,0.11979,0.10322,0.09116,0.11101,0.10293,0.1079,0.10855,0.09678,0.10615,0.09069,0.10802,0.11979
Sirnak,3082,0.13462,0.13419,0.1388,0.12627,0.12326,0.12883,0.13269,0.12594,0.13597,0.1238,0.15019,0.10495,0.13341,0.11937,0.13724,0.13727,0.13922,0.13094,0.13302,0.13784
Sirnak,3083,0.10947,0.11747,0.11901,0.11909,0.11657,0.12986,0.10352,0.11632,0.11539,0.1147,0.10503,0.11788,0.1135,0.11706,0.12457,0.11213,0.10826,0.13225,0.11479,0.11936
Sirnak,3084,0.11974,0.12552,0.13751,0.13096,0.10153,0.10752,0.09442,0.10875,0.12574,0.11974,0.11297,0.14295,0.06321,0.09664,0.14284,0.09842,0.09031,0.13118,0.0922,0.12951
Sirnak,3085,0.11823,0.12493,0.11681,0.12696,0.118,0.11965,0.12493,0.11207,0.13703,0.11769,0.11471,0.12217,0.11406,0.09966,0.12922,0.12233,0.12302,0.11306,0.13615,0.11356
Sirnak,3086,0.10704,0.11497,0.10843,0.11503,0.1162,0.10231,0.09822,0.10279,0.10783,0.11972,0.11436,0.11303,0.10865,0.11401,0.12337,0.10253,0.11703,0.11696,0.10044,0.11731
Sirnak,3087,0.1377,0.15163,0.13898,0.14683,0.13354,0.1545,0.13285,0.14785,0.1446,0.16458,0.13255,0.13225,0.13766,0.13628,0.13693,0.11901,0.11995,0.13435,0.13015,0.12711
Sirnak,3088,0.12401,0.12837,0.13251,0.09679,0.11639,0.12642,0.11104,0.09902,0.11668,0.12169,0.10611,0.12712,0.10652,0.11104,0.10914,0.12464,0.11208,0.11788,0.11328,0.11324
Sirnak,3089,0.09876,0.1039,0.09201,0.10107,0.10465,0.11569,0.12531,0.10711,0.13325,0.09988,0.11509,0.11763,0.10584,0.118,0.10208,0.11923,0.11095,0.12173,0.10976,0.11259
Sirnak,3090,0.14986,0.1345,0.12926,0.14913,0.12453,0.13267,0.14308,0.13754,0.13179,0.13813,0.12735,0.10759,0.13886,0.13894,0.13762,0.1551,0.13872,0.12515,0.13817,0.14466
Sirnak,3091,0.12571,0.12708,0.13381,0.12688,0.11866,0.13795,0.12721,0.12823,0.12639,0.12746,0.1142,0.13082,0.12639,0.122,0.11906,0.11435,0.12474,0.12497,0.13625,0.12571
Sirnak,3092,0.12974,0.11641,0.11261,0.10994,0.12321,0.10843,0.12945,0.12172,0.11635,0.12359,0.12533,0.10746,0.111,0.12263,0.11287,0.1205,0.11374,0.10875,0.11361,0.1055
Sirnak,3093,0.12788,0.13707,0.12926,0.12165,0.12155,0.14663,0.12897,0.1229,0.12959,0.13968,0.1291,0.13226,0.12936,0.12781,0.11183,0.13477,0.1262,0.11558,0.12092,0.13984
Sirnak,3094,0.1125,0.11437,0.11442,0.11385,0.1126,0.11484,0.114,0.11286,0.11653,0.11362,0.11473,0.11155,0.11651,0.13769,0.11302,0.11316,0.11461,0.115,0.11353,0.11197
Sirnak,3095,0.11088,0.11351,0.11739,0.11079,0.11398,0.09697,0.10294,0.10558,0.12671,0.10972,0.10573,0.11958,0.11499,0.12751,0.12109,0.10987,0.10478,0.12124,0.10141,0.11813
Sirnak,3096,0.11709,0.11687,0.13194,0.12701,0.11862,0.10777,0.12102,0.11435,0.11488,0.11937,0.10218,0.11357,0.12529,0.10942,0.12645,0.1087,0.11123,0.11534,0.1165,0.12395
Sirnak,3097,0.12681,0.11969,0.10897,0.11675,0.11974,0.1121,0.12057,0.11823,0.11604,0.12821,0.12285,0.10062,0.12818,0.11669,0.11994,0.13143,0.12596,0.12695,0.12915,0.10774
Sirnak,3099,0.12226,0.1311,0.11657,0.14068,0.12698,0.1281,0.12548,0.1113,0.13591,0.14145,0.13539,0.12946,0.12816,0.11189,0.13042,0.11973,0.13726,0.13664,0.1224,0.1288
Sirnak,3100,0.1117,0.11235,0.11403,0.1109,0.11582,0.10288,0.08532,0.10833,0.11068,0.12187,0.09446,0.11168,0.11243,0.11218,0.1059,0.1115,0.10441,0.1145,0.11597,0.114
Sirnak,3101,0.12437,0.13026,0.13376,0.12391,0.12298,0.13754,0.12689,0.11736,0.12298,0.11515,0.12341,0.13011,0.128,0.13543,0.13072,0.11938,0.11908,0.12225,0.11752,0.12437
Sirnak,3102,0.1349,0.13058,0.14131,0.13184,0.13523,0.13662,0.12475,0.14714,0.14678,0.14486,0.11369,0.12405,0.14625,0.14119,0.13584,0.12454,0.13152,0.15065,0.13715,0.13564
Sirnak,3103,0.11512,0.11586,0.12891,0.11914,0.11961,0.11917,0.12118,0.10408,0.12058,0.11405,0.11837,0.12814,0.12553,0.11663,0.13363,0.12235,0.12175,0.11596,0.13684,0.12747
Sirnak,3104,0.10633,0.12362,0.09728,0.11762,0.12114,0.10616,0.08811,0.10809,0.11457,0.10661,0.11069,0.10452,0.11802,0.10564,0.10202,0.10661,0.11934,0.10188,0.1058,0.13319
Sirnak,3105,0.12769,0.17027,0.14484,0.04555,0.12588,0.15156,0.11674,0.12855,0.11941,0.12864,0.11174,0.1251,0.11002,0.10088,0.12226,0.13277,0.12527,0.122,0.17509,0.08632
Sirnak,3106,0.13689,0.14012,0.11304,0.12464,0.13912,0.12053,0.12128,0.14486,0.13271,0.13247,0.1267,0.11263,0.12787,0.12982,0.12811,0.13003,0.13576,0.13206,0.13295,0.13508
Sirnak,3107,0.10892,0.12065,0.11723,0.11922,0.11894,0.10363,0.12046,0.12618,0.13203,0.11698,0.13035,0.1296,0.11825,0.11847,0.12485,0.13474,0.12653,0.11555,0.12845,0.139
Sirnak,3108,0.11507,0.11552,0.11947,0.11018,0.10883,0.11216,0.13337,0.11548,0.11431,0.11992,0.11417,0.11372,0.11867,0.11964,0.10529,0.11604,0.10495,0.10703,0.10651,0.1019
Sirnak,3109,0.12034,0.10773,0.11255,0.12083,0.11418,0.12816,0.12436,0.12074,0.12065,0.11766,0.0968,0.12379,0.11452,0.11152,0.1307,0.1194,0.12862,0.11443,0.11609,0.10876
Sirnak,3110,0.10594,0.11255,0.11522,0.11198,0.11825,0.11191,0.11368,0.11464,0.11466,0.11235,0.11089,0.1002,0.12034,0.10448,0.10536,0.11522,0.12005,0.10466,0.11357,0.11723
Sirnak,3111,0.10048,0.11949,0.12268,0.11871,0.12032,0.12837,0.11392,0.12006,0.12642,0.11384,0.10688,0.10707,0.10388,0.10886,0.11699,0.11762,0.11594,0.1183,0.1116,0.1177
Sirnak,3112,0.11579,0.11237,0.11414,0.11452,0.11395,0.11258,0.113,0.11514,0.11481,0.11329,0.11405,0.11223,0.11618,0.11275,0.11525,0.11178,0.11184,0.11412,0.13741,0.11157
Sirnak,3113,0.1215,0.12112,0.12112,0.1292,0.10945,0.12736,0.10009,0.13422,0.12179,0.11433,0.11532,0.12544,0.13836,0.12281,0.12299,0.11765,0.12337,0.11062,0.11648,0.11928
Sirnak,3114,0.12933,0.12842,0.11424,0.1278,0.14822,0.14391,0.11504,0.11777,0.14734,0.13644,0.12506,0.13032,0.12554,0.13451,0.12444,0.12496,0.13917,0.11799,0.12269,0.12189
Sirnak,3115,0.13851,0.13365,0.12649,0.13094,0.15035,0.14719,0.14723,0.12888,0.13773,0.12589,0.11984,0.12511,0.12268,0.1202,0.1414,0.13131,0.12612,0.13337,0.15393,0.1476
Sirnak,3117,0.1159,0.12524,0.12369,0.11773,0.09408,0.1257,0.11021,0.1235,0.16172,0.12359,0.11076,0.11452,0.12396,0.10893,0.16392,0.12534,0.10527,0.14797,0.07878,0.14788
Sirnak,3121,0.14158,0.14448,0.1619,0.13568,0.14801,0.14234,0.14962,0.14435,0.16793,0.1464,0.14305,0.14622,0.1351,0.1502,0.15073,0.17141,0.14515,0.1535,0.12769,0.15922
Sirnak,3122,0.11387,0.13223,0.11435,0.10734,0.11986,0.11143,0.09296,0.10654,0.11296,0.11876,0.11362,0.12705,0.11727,0.11617,0.10234,0.11347,0.10949,0.10446,0.1196,0.11551
Sirnak,3123,0.13616,0.13445,0.14433,0.13437,0.14476,0.13962,0.14343,0.13188,0.1204,0.12768,0.12289,0.12546,0.13849,0.13421,0.12935,0.13686,0.13849,0.11017,0.11044,0.12355
Sirnak,3124,0.13819,0.15069,0.14407,0.15336,0.13572,0.13346,0.1328,0.11599,0.14604,0.14012,0.15484,0.134,0.14144,0.13572,0.14637,0.15192,0.12812,0.13597,0.16335,0.13971
Sirnak,3125,0.13011,0.11727,0.11192,0.10994,0.12355,0.11908,0.13019,0.13212,0.11896,0.12302,0.13031,0.12749,0.12178,0.13425,0.12355,0.11807,0.08539,0.13156,0.13023,0.11473
Sirnak,3126,0.11642,0.12329,0.119,0.11315,0.12304,0.12066,0.1203,0.11977,0.11461,0.125,0.11639,0.12237,0.11454,0.10817,0.10258,0.12482,0.1155,0.12201,0.14717,0.11877
Sirnak,3127,0.10778,0.10347,0.10217,0.11344,0.10897,0.09623,0.12384,0.10244,0.10027,0.10498,0.13033,0.10869,0.09406,0.12206,0.11815,0.11522,0.12238,0.10913,0.11965,0.09244
Sirnak,3128,0.13123,0.14896,0.12918,0.11923,0.14082,0.12067,0.13304,0.13816,0.13141,0.13518,0.11485,0.1321,0.12435,0.12149,0.12975,0.13732,0.13289,0.11898,0.12945,0.12366
Sirnak,3129,0.12127,0.13199,0.1152,0.12857,0.11555,0.1126,0.12561,0.11393,0.10816,0.11374,0.11727,0.11523,0.1172,0.09809,0.13694,0.12253,0.11984,0.12701,0.11803,0.12073
Sirnak,3132,0.12353,0.12433,0.13266,0.11855,0.09423,0.1087,0.11433,0.11574,0.12559,0.11598,0.11694,0.11385,0.10648,0.12535,0.11523,0.12487,0.11691,0.117,0.12164,0.12844
Sirnak,3133,0.10639,0.11365,0.12258,0.10192,0.13143,0.11814,0.11313,0.10696,0.1141,0.10332,0.12328,0.11534,0.1155,0.11961,0.11033,0.10759,0.11537,0.11574,0.10696,0.11183
Sirnak,3134,0.11712,0.09605,0.11377,0.11221,0.12362,0.12158,0.12628,0.12312,0.12108,0.1091,0.11725,0.11988,0.11062,0.12618,0.11015,0.11683,0.12195,0.12625,0.12122,0.11881
Sirnak,3135,0.15042,0.12127,0.12228,0.11267,0.10845,0.13131,0.12555,0.12858,0.12733,0.11753,0.11279,0.1224,0.10531,0.12513,0.11943,0.12953,0.12056,0.12947,0.10477,0.11243
Sirnak,3136,0.10822,0.11176,0.10914,0.1084,0.12278,0.10216,0.11141,0.11963,0.11205,0.10925,0.12019,0.12572,0.11538,0.12707,0.11311,0.10953,0.12434,0.12041,0.12097,0.12243
Sirnak,3137,0.12013,0.10997,0.12737,0.09976,0.11096,0.11337,0.10125,0.1171,0.11125,0.10809,0.1159,0.11052,0.1112,0.10827,0.11436,0.12583,0.11799,0.11543,0.11493,0.12288
Sirnak,3138,0.13315,0.12249,0.12137,0.12631,0.12463,0.12599,0.14085,0.12065,0.12609,0.1243,0.11508,0.12693,0.12753,0.10483,0.12666,0.11825,0.14077,0.1124,0.115,0.12373
Sirnak,3139,0.11229,0.11716,0.12354,0.10905,0.11033,0.11503,0.12617,0.108,0.10591,0.11867,0.10884,0.11777,0.13072,0.11128,0.11895,0.12531,0.12341,0.10472,0.1158,0.09554
Sirnak,3141,0.10813,0.12911,0.11839,0.12887,0.11799,0.09712,0.11139,0.1207,0.10832,0.12716,0.12015,0.11678,0.10616,0.11552,0.12477,0.11718,0.11221,0.11954,0.1207,0.11878
Sirnak,3142,0.13357,0.13924,0.16397,0.12981,0.13905,0.12161,0.12957,0.12695,0.14339,0.14138,0.13495,0.13981,0.12418,0.14415,0.15492,0.12857,0.11966,0.15091,0.13462,0.13986
Sirnak,3144,0.11623,0.11915,0.11536,0.11036,0.1226,0.12621,0.11503,0.1113,0.13422,0.12023,0.10093,0.12683,0.11428,0.12262,0.1147,0.11225,0.11264,0.134,0.11617,0.11406
Sirnak,3145,0.12031,0.10987,0.11885,0.12521,0.1226,0.12396,0.10309,0.11571,0.12221,0.12072,0.12693,0.12365,0.10885,0.13038,0.1316,0.11569,0.12002,0.13113,0.11733,0.1178
Sirnak,3146,0.13822,0.14981,0.13339,0.12848,0.14877,0.13173,0.14162,0.13656,0.14139,0.13424,0.10773,0.13837,0.12288,0.12952,0.12898,0.11441,0.14096,0.13659,0.15267,0.12585
Sirnak,3147,0.12096,0.12795,0.13898,0.12576,0.14192,0.13123,0.13981,0.11714,0.14015,0.13086,0.12636,0.11178,0.13486,0.14034,0.13297,0.1437,0.14453,0.13252,0.14551,0.13463
Sirnak,3148,0.11082,0.09531,0.11223,0.11697,0.10625,0.11294,0.10443,0.10519,0.1282,0.10311,0.12378,0.10433,0.11799,0.11098,0.10286,0.10769,0.11956,0.11482,0.10244,0.10846
Sirnak,3149,0.12751,0.10043,0.12418,0.11019,0.11725,0.10218,0.12985,0.0985,0.11815,0.11195,0.11019,0.12526,0.12013,0.09998,0.09566,0.11635,0.10988,0.10911,0.12126,0.11793
Sirnak,3150,0.12752,0.1266,0.12658,0.12567,0.12585,0.13219,0.12928,0.13012,0.13206,0.13283,0.12281,0.12766,0.13183,0.12432,0.12908,0.12256,0.11866,0.12723,0.1051,0.12139
Sirnak,3151,0.1257,0.13042,0.13895,0.12687,0.12608,0.11953,0.13492,0.12068,0.13576,0.13162,0.1313,0.11775,0.13213,0.12923,0.12311,0.13092,0.1214,0.12867,0.13186,0.11652
Sirnak,3152,0.14152,0.1346,0.13743,0.1298,0.12528,0.12954,0.12868,0.1298,0.12205,0.14675,0.12055,0.14216,0.12105,0.13169,0.1399,0.12313,0.11159,0.13302,0.13116,0.11352
Sirnak,3153,0.11933,0.12353,0.1259,0.11416,0.12158,0.12488,0.13098,0.11543,0.1245,0.13747,0.12014,0.10293,0.14547,0.12747,0.12785,0.10103,0.1212,0.12959,0.11497,0.14213
Sirnak,3154,0.13949,0.13019,0.14651,0.13968,0.13871,0.14726,0.1396,0.13636,0.14476,0.13874,0.14472,0.14921,0.14257,0.12852,0.10798,0.11372,0.14214,0.14593,0.13246,0.13207
Sirnak,3155,0.13311,0.1438,0.12806,0.12414,0.12892,0.1313,0.13319,0.12772,0.11573,0.1541,0.13828,0.15293,0.14112,0.13384,0.14039,0.12302,0.14117,0.13392,0.11397,0.13897
Sirnak,3156,0.1091,0.11372,0.13009,0.11898,0.12448,0.11379,0.12712,0.09974,0.11717,0.11963,0.12049,0.12886,0.12384,0.13546,0.11748,0.10719,0.1292,0.11649,0.12011,0.11546
Sirnak,3158,0.11653,0.12592,0.1165,0.11951,0.11595,0.12246,0.11273,0.11896,0.12814,0.09774,0.12283,0.11822,0.11729,0.10898,0.10331,0.11679,0.10901,0.11624,0.12151,0.11735
Sirnak,3159,0.13478,0.13196,0.12183,0.12605,0.13204,0.11912,0.12645,0.12804,0.13414,0.13073,0.13623,0.13682,0.13424,0.11834,0.13406,0.14163,0.13588,0.16006,0.14531,0.13212
Sirnak,3160,0.12071,0.11156,0.11171,0.12039,0.1222,0.12473,0.1011,0.12428,0.12351,0.11661,0.09222,0.10957,0.11548,0.10583,0.12202,0.11385,0.10797,0.1145,0.11474,0.10467
Sirnak,3163,0.14283,0.14313,0.14536,0.16056,0.13929,0.14292,0.13767,0.12295,0.16183,0.15698,0.14261,0.13741,0.1396,0.12802,0.13859,0.14331,0.1472,0.12348,0.13165,0.15078
Sirnak,3164,0.12184,0.12117,0.10919,0.1167,0.11859,0.10276,0.11189,0.1209,0.12356,0.11997,0.1109,0.11179,0.11645,0.1063,0.11641,0.1163,0.11493,0.10954,0.11468,0.11235
Sirnak,3165,0.12433,0.11623,0.14019,0.13278,0.12763,0.12702,0.12425,0.12771,0.13101,0.13416,0.12682,0.12621,0.12963,0.14552,0.13397,0.12264,0.13093,0.13331,0.12955,0.09446
Sirnak,3166,0.14397,0.11478,0.11973,0.12159,0.12496,0.11295,0.12207,0.12271,0.11186,0.11651,0.12597,0.12904,0.11535,0.11237,0.12071,0.11581,0.1062,0.1263,0.11511,0.11988
Sirnak,3168,0.12002,0.13638,0.12318,0.14834,0.1499,0.14204,0.13931,0.13392,0.13817,0.13889,0.13342,0.10655,0.12997,0.13035,0.14397,0.1335,0.13035,0.13339,0.13923,0.12378
Sirnak,3169,0.1132,0.11905,0.11592,0.10134,0.11619,0.11151,0.11979,0.11843,0.08727,0.11935,0.10917,0.12542,0.11073,0.11504,0.10297,0.12422,0.11704,0.11502,0.11086,0.11244
Sirnak,3171,0.12835,0.12014,0.11625,0.11156,0.11585,0.12273,0.12549,0.11605,0.11485,0.11818,0.11828,0.1231,0.1122,0.11921,0.10847,0.12626,0.12453,0.11389,0.14331,0.13124
Sirnak,3172,0.11494,0.09473,0.09968,0.1295,0.12456,0.12187,0.09621,0.13106,0.10514,0.13444,0.08181,0.05918,0.13167,0.09924,0.10522,0.13288,0.11017,0.07921,0.12742,0.11632
Sirnak,3174,0.13114,0.13763,0.1284,0.11944,0.12642,0.12359,0.12199,0.12825,0.13008,0.12276,0.12039,0.1214,0.13116,0.13575,0.12768,0.1224,0.12464,0.12743,0.10929,0.1266
Sirnak,3175,0.11976,0.10892,0.11081,0.11254,0.10671,0.11791,0.11332,0.11579,0.11127,0.11166,0.10847,0.1099,0.10925,0.12442,0.12136,0.107,0.11231,0.09326,0.1226,0.11355
Sirnak,3176,0.12443,0.13964,0.14034,0.12647,0.12524,0.13434,0.13016,0.13482,0.142,0.11035,0.1382,0.12213,0.12904,0.1368,0.12701,0.12818,0.14484,0.1465,0.15025,0.14746
Sirnak,3177,0.12594,0.14115,0.13807,0.14208,0.17092,0.14223,0.14115,0.14133,0.13379,0.1431,0.12902,0.14182,0.15384,0.14216,0.14434,0.13976,0.12846,0.14952,0.13244,0.16007
Sirnak,3178,0.16126,0.15607,0.17063,0.14207,0.15468,0.12484,0.14315,0.14722,0.15595,0.14303,0.15903,0.14794,0.1522,0.13784,0.16238,0.14323,0.13601,0.14913,0.14514,0.13924
Sirnak,3179,0.1033,0.12202,0.10036,0.11107,0.11936,0.10632,0.11754,0.11008,0.11601,0.11483,0.10308,0.10994,0.13083,0.11222,0.11447,0.11403,0.11834,0.1173,0.10953,0.11381
Sirnak,3180,0.12919,0.12429,0.12341,0.11926,0.13207,0.13007,0.09681,0.12285,0.13487,0.12695,0.11908,0.09919,0.10757,0.11837,0.12429,0.13151,0.12257,0.12378,0.11679,0.13627
Sirnak,3181,0.12551,0.11863,0.11609,0.13249,0.1203,0.11562,0.12126,0.12441,0.11029,0.13247,0.11339,0.1167,0.11635,0.11919,0.13376,0.13338,0.12549,0.13103,0.12152,0.12112
Sirnak,3182,0.10816,0.10645,0.11959,0.1138,0.11339,0.12005,0.1118,0.12012,0.10066,0.12093,0.11006,0.11408,0.11155,0.1034,0.1034,0.10349,0.11283,0.10112,0.11199,0.09929
Sirnak,3184,0.12105,0.11433,0.11448,0.1107,0.11525,0.09541,0.10811,0.12387,0.1257,0.11102,0.10689,0.10847,0.11024,0.1194,0.11458,0.10982,0.11894,0.1137,0.12107,0.11401
Sirnak,3185,0.17179,0.1148,0.12123,0.1205,0.11076,0.18274,0.13115,0.13825,0.09993,0.10825,0.12056,0.1208,0.12913,0.11542,0.10428,0.11884,0.12062,0.13782,0.11144,0.1107
Sirnak,3186,0.1185,0.1315,0.13551,0.11952,0.1249,0.12471,0.14081,0.13826,0.15177,0.15734,0.13225,0.13335,0.14183,0.14199,0.1403,0.14042,0.14352,0.13221,0.11764,0.13425
Sirnak,3187,0.13692,0.11891,0.12338,0.12359,0.12345,0.1271,0.11601,0.13609,0.11725,0.123,0.11519,0.11684,0.12576,0.13809,0.10492,0.12273,0.10716,0.12686,0.12135,0.12414
Sirnak,3188,0.12417,0.12977,0.14199,0.13762,0.12953,0.12376,0.1222,0.13641,0.12813,0.11475,0.13013,0.13013,0.12284,0.13226,0.12166,0.14021,0.13768,0.11125,0.13315,0.11821
Sirnak,3189,0.14765,0.10174,0.11653,0.10565,0.13541,0.11959,0.09604,0.11713,0.13821,0.11679,0.11568,0.13541,0.12759,0.1411,0.10131,0.19986,0.12572,0.05115,0.12504,0.13005
Sirnak,3190,0.13628,0.15944,0.13756,0.1399,0.14823,0.17043,0.13871,0.14301,0.14699,0.13377,0.15166,0.13898,0.14782,0.1431,0.13738,0.13871,0.13125,0.13033,0.12209,0.14704
Sirnak,3192,0.12056,0.12899,0.11027,0.11694,0.11788,0.11229,0.12222,0.11758,0.106,0.11973,0.12402,0.12972,0.09783,0.11891,0.11475,0.12874,0.12464,0.12005,0.11694,0.10834
Sirnak,3193,0.12303,0.12066,0.12396,0.12447,0.11704,0.13763,0.12456,0.11826,0.11334,0.12848,0.11727,0.13035,0.12187,0.12458,0.13916,0.13037,0.12176,0.13808,0.10504,0.12074
Sirnak,3194,0.1246,0.10613,0.10118,0.13332,0.10674,0.12704,0.11833,0.10789,0.12453,0.11632,0.12252,0.12263,0.11011,0.12073,0.11119,0.1048,0.12306,0.09645,0.12195,0.11452
Sirnak,3195,0.12369,0.11256,0.11775,0.12916,0.11418,0.11166,0.11825,0.10302,0.11816,0.11825,0.11789,0.10993,0.11594,0.11301,0.1285,0.13136,0.1116,0.12822,0.11811,0.11718
Sirnak,3196,0.12624,0.12607,0.12691,0.14206,0.14572,0.12807,0.13402,0.13106,0.11846,0.12651,0.12591,0.13133,0.12421,0.1416,0.14442,0.12481,0.13016,0.12554,0.12155,0.11454
Sirnak,3197,0.16716,0.07159,0.13665,0.11744,0.16032,0.09595,0.16637,0.10813,0.15706,0.09664,0.13101,0.13279,0.09753,0.152,0.10843,0.1418,0.12457,0.10595,0.09456,0.14933
Sirnak,3198,0.11443,0.11302,0.11859,0.11823,0.10907,0.0976,0.1199,0.1027,0.10603,0.12605,0.10477,0.10621,0.11997,0.11363,0.11168,0.12203,0.12782,0.10332,0.11063,0.12134
Sirnak,3201,0.1176,0.10561,0.11514,0.10277,0.11209,0.10208,0.10215,0.11572,0.10724,0.10683,0.11712,0.11758,0.1173,0.10281,0.12008,0.10323,0.10614,0.11259,0.11732,0.13278
Sirnak,3202,0.14504,0.13681,0.12165,0.13339,0.12498,0.12794,0.15516,0.11818,0.13769,0.12923,0.14144,0.11855,0.13968,0.14708,0.14347,0.14518,0.13173,0.1352,0.14255,0.15073
Sirnak,3203,0.12739,0.13646,0.14693,0.13425,0.14537,0.08691,0.15224,0.11128,0.11275,0.12142,0.10482,0.17154,0.10106,0.15519,0.12379,0.05151,0.11864,0.13401,0.08822,0.13908
Sirnak,3204,0.11969,0.11061,0.10803,0.11614,0.10617,0.11015,0.11784,0.10885,0.11033,0.10586,0.11936,0.11874,0.11585,0.11534,0.11496,0.10158,0.11134,0.10489,0.12002,0.11247
Sirnak,3206,0.10057,0.11927,0.11049,0.12708,0.09499,0.11237,0.11494,0.12331,0.12052,0.10705,0.11618,0.11818,0.11637,0.12301,0.12655,0.11848,0.11098,0.11969,0.11788,0.11546
Sirnak,3207,0.12331,0.11672,0.13303,0.12018,0.13478,0.12111,0.11612,0.1131,0.13303,0.11683,0.13347,0.09662,0.10228,0.1255,0.12062,0.10689,0.13253,0.12671,0.11831,0.12737
Sirnak,3208,0.11985,0.11782,0.10361,0.1202,0.12592,0.11107,0.11552,0.12416,0.11587,0.10944,0.12551,0.12041,0.11561,0.11074,0.10599,0.11994,0.1057,0.12943,0.11802,0.11953
Sirnak,3209,0.15575,0.12703,0.12891,0.12391,0.13891,0.12152,0.14523,0.14934,0.13489,0.12442,0.13942,0.13092,0.12194,0.14028,0.1378,0.13045,0.11955,0.12169,0.12523,0.13224
Sirnak,3210,0.0974,0.12547,0.11307,0.07482,0.12056,0.08933,0.15097,0.1305,0.10792,0.06956,0.10243,0.11331,0.14512,0.12103,0.12138,0.13237,0.12992,0.11295,0.10371,0.10605
Sirnak,3211,0.11204,0.13531,0.11975,0.10658,0.11414,0.11467,0.09647,0.10048,0.11604,0.1194,0.11044,0.11051,0.10437,0.10258,0.09563,0.10593,0.11933,0.0933,0.1191,0.10586
Sirnak,3212,0.10798,0.11693,0.09069,0.09726,0.10141,0.10745,0.10626,0.09957,0.09797,0.10313,0.08767,0.1065,0.11379,0.12297,0.12084,0.09922,0.09821,0.10775,0.12303,0.11539
Sirnak,3213,0.11691,0.10673,0.11679,0.10594,0.13141,0.11579,0.11108,0.11862,0.11038,0.11655,0.10889,0.11543,0.10755,0.10773,0.10436,0.11637,0.12181,0.10211,0.10998,0.11634
Sirnak,3214,0.11352,0.09226,0.11889,0.10788,0.10753,0.11143,0.10969,0.11308,0.12526,0.10846,0.11533,0.11817,0.12231,0.11949,0.11487,0.11257,0.12073,0.11378,0.11896,0.11299
Sirnak,3216,0.11498,0.11263,0.1148,0.12584,0.13312,0.12085,0.10812,0.11276,0.12448,0.12908,0.11928,0.12938,0.10863,0.12827,0.11148,0.12673,0.11902,0.11613,0.08779,0.13014
Sirnak,3217,0.10318,0.11966,0.11835,0.10598,0.12261,0.12709,0.11313,0.10712,0.11275,0.1369,0.11313,0.12522,0.12509,0.1294,0.09623,0.11589,0.11883,0.116,0.1103,0.12356
Sirnak,3218,0.12188,0.14865,0.13215,0.15398,0.12384,0.13396,0.13365,0.13562,0.13843,0.11957,0.12772,0.12425,0.13048,0.14216,0.14512,0.13858,0.14075,0.1331,0.14185,0.1243
Sirnak,3219,0.13882,0.15068,0.13336,0.14691,0.13867,0.14098,0.15726,0.13611,0.12338,0.13821,0.15053,0.14348,0.15149,0.12335,0.16701,0.14313,0.13262,0.13124,0.14494,0.14252
Sirnak,3223,0.12993,0.12902,0.11629,0.13788,0.11732,0.11221,0.12773,0.12201,0.10787,0.11292,0.1094,0.13031,0.11635,0.1206,0.11339,0.12371,0.11007,0.1209,0.10652,0.1216
Sirnak,3224,0.11178,0.11355,0.11481,0.12107,0.10901,0.11373,0.11409,0.09851,0.12408,0.10866,0.12069,0.1146,0.12239,0.10044,0.10812,0.11485,0.11766,0.11148,0.10322,0.12078
Sirnak,3225,0.12373,0.11404,0.11289,0.11941,0.10841,0.11068,0.09514,0.10619,0.11722,0.1147,0.1009,0.09151,0.11142,0.10612,0.11159,0.10937,0.11359,0.11164,0.12146,0.10428
Sirnak,3226,0.11289,0.10859,0.11865,0.11304,0.10773,0.12574,0.09784,0.1233,0.13168,0.11435,0.11571,0.11265,0.11469,0.12344,0.1181,0.11896,0.11359,0.11163,0.11231,0.11286
Sirnak,3227,0.12272,0.12525,0.11281,0.12143,0.1321,0.10171,0.13637,0.1245,0.12006,0.1243,0.12244,0.11951,0.12499,0.12063,0.13138,0.11243,0.10853,0.12244,0.11633,0.11795
Sirnak,3229,0.11643,0.11643,0.11752,0.10164,0.11666,0.1193,0.11526,0.12131,0.12154,0.1187,0.09501,0.10856,0.11133,0.09412,0.12287,0.1267,0.12275,0.11331,0.13205,0.12319
Sirnak,3230,0.1206,0.12175,0.13395,0.10677,0.12439,0.1152,0.113,0.11561,0.12359,0.13371,0.10321,0.12238,0.11754,0.1303,0.12647,0.13229,0.11677,0.12603,0.1119,0.11526
Sirnak,3232,0.11404,0.13499,0.10126,0.12115,0.10299,0.13066,0.10947,0.13408,0.11956,0.13989,0.12591,0.10573,0.1113,0.11851,0.1149,0.11548,0.12989,0.12557,0.10851,0.12398
Sirnak,3233,0.14444,0.15207,0.14453,0.15226,0.1382,0.12318,0.1382,0.11551,0.13604,0.13503,0.13719,0.14919,0.11723,0.12995,0.13167,0.14995,0.1359,0.11949,0.1417,0.14247
Sirnak,3234,0.11911,0.10508,0.1184,0.11506,0.12211,0.10851,0.10053,0.11468,0.10784,0.1141,0.09849,0.09348,0.1141,0.12863,0.11928,0.11385,0.11694,0.1146,0.11314,0.11539
Sirnak,3236,0.15089,0.09958,0.13612,0.08123,0.10211,0.1141,0.08604,0.10978,0.1225,0.1309,0.12789,0.11867,0.10945,0.11345,0.13327,0.08515,0.14795,0.08107,0.12046,0.11027
Sirnak,3237,0.12307,0.11611,0.13303,0.12459,0.11369,0.11826,0.13227,0.11687,0.10476,0.11971,0.1248,0.13914,0.11662,0.12392,0.12452,0.11003,0.12619,0.12583,0.12386,0.11599
Sirnak,3238,0.11045,0.11465,0.11409,0.11419,0.11941,0.10239,0.11876,0.11119,0.09726,0.11783,0.09889,0.10841,0.11854,0.1165,0.11422,0.11249,0.10687,0.11437,0.12074,0.10319
Sirnak,3239,0.11612,0.12109,0.12633,0.11162,0.12814,0.1251,0.11969,0.10542,0.1165,0.11668,0.1013,0.10341,0.1201,0.12954,0.113,0.11829,0.11601,0.11735,0.12104,0.12867
Sirnak,3240,0.12438,0.1334,0.15694,0.13328,0.12842,0.15365,0.15168,0.13626,0.13438,0.14105,0.1283,0.1571,0.13799,0.12971,0.13156,0.1527,0.12708,0.12987,0.1376,0.13634
Sirnak,3241,0.11084,0.11752,0.12166,0.11287,0.11329,0.1138,0.11569,0.12676,0.10919,0.14031,0.12322,0.12457,0.12205,0.12238,0.14166,0.11824,0.11227,0.1192,0.1186,0.12319
Sirnak,3242,0.10158,0.11112,0.12808,0.11194,0.10558,0.12045,0.11794,0.10796,0.10934,0.1187,0.10865,0.10987,0.12076,0.10865,0.10496,0.10452,0.10912,0.1176,0.10474,0.12026
Sirnak,3243,0.13407,0.13517,0.11966,0.15279,0.12591,0.13677,0.14345,0.14368,0.12134,0.14736,0.14716,0.13232,0.13056,0.14267,0.12536,0.14388,0.13927,0.16369,0.14872,0.1304
Sirnak,3245,0.10167,0.105,0.12566,0.12962,0.18252,0.08706,0.15039,0.16927,0.08435,0.15279,0.12942,0.11345,0.18565,0.12201,0.12608,0.12681,0.11325,0.13202,0.11982,0.11418
Sirnak,3246,0.11238,0.10747,0.11278,0.10917,0.10647,0.10531,0.11376,0.11589,0.13098,0.10465,0.09786,0.1153,0.1142,0.101,0.10703,0.11131,0.11561,0.12233,0.11159,0.1267
Sirnak,3247,0.12043,0.14153,0.12067,0.12804,0.12076,0.11546,0.13743,0.12732,0.13204,0.14346,0.12664,0.11942,0.13618,0.1371,0.13223,0.11758,0.12298,0.11773,0.11691,0.12385
Sirnak,3248,0.10574,0.0979,0.11581,0.11212,0.10513,0.11459,0.0932,0.0979,0.09308,0.10507,0.10331,0.10406,0.10411,0.10994,0.12684,0.11883,0.12428,0.10933,0.08582,0.11698
Sirnak,3250,0.11321,0.14218,0.13795,0.14961,0.1516,0.13545,0.13917,0.14596,0.13648,0.14833,0.12558,0.12757,0.13801,0.11988,0.135,0.15006,0.13974,0.13404,0.13455,0.14301
Sirnak,3251,0.12553,0.11033,0.10754,0.12354,0.12502,0.11198,0.12616,0.11483,0.12029,0.12263,0.11739,0.11278,0.11671,0.1425,0.13385,0.131,0.11517,0.0896,0.11448,0.11158
Sirnak,3253,0.11963,0.14722,0.1563,0.12856,0.14662,0.1455,0.14029,0.14457,0.13396,0.13173,0.13029,0.13005,0.13243,0.14192,0.16281,0.14601,0.14574,0.1482,0.15216,0.15039
Sirnak,3254,0.14137,0.13351,0.14088,0.11376,0.13117,0.12717,0.13068,0.14104,0.13128,0.13233,0.13393,0.13349,0.10993,0.13349,0.1321,0.12787,0.13897,0.13502,0.15282,0.12522
Sirnak,3255,0.10976,0.11764,0.12711,0.1066,0.11599,0.12251,0.11006,0.11727,0.11227,0.11433,0.11905,0.12292,0.12756,0.11777,0.10547,0.138,0.12467,0.11697,0.11885,0.12776
Sirnak,3256,0.11576,0.11789,0.11646,0.09783,0.12577,0.11816,0.13173,0.12087,0.11004,0.12898,0.13018,0.11777,0.11797,0.11947,0.12288,0.12427,0.12662,0.13246,0.12172,0.133
Sirnak,3257,0.11778,0.11207,0.11803,0.13005,0.13629,0.12292,0.1152,0.11687,0.11175,0.11618,0.12342,0.12331,0.12116,0.10382,0.11362,0.12221,0.11234,0.11867,0.1123,0.11579
Sirnak,3258,0.12737,0.1492,0.13202,0.13485,0.12259,0.13796,0.12451,0.13983,0.13039,0.13127,0.15077,0.15304,0.12085,0.13849,0.1322,0.13389,0.12742,0.134,0.15077,0.11467
Sirnak,3259,0.12888,0.12232,0.10822,0.09359,0.11981,0.10731,0.12517,0.11629,0.1247,0.11397,0.12687,0.12216,0.12979,0.114,0.11886,0.11437,0.11243,0.11778,0.12285,0.12298
Sirnak,3260,0.14493,0.13029,0.1255,0.12736,0.12004,0.13946,0.15537,0.11232,0.09329,0.15986,0.11652,0.11145,0.11662,0.11027,0.09241,0.1418,0.10286,0.13497,0.09046,0.14776
Sirnak,3261,0.11423,0.12171,0.12295,0.1094,0.10841,0.10558,0.11984,0.10421,0.12092,0.11977,0.1136,0.11038,0.11099,0.11859,0.1227,0.08877,0.11338,0.11035,0.11465,0.11194
Sirnak,3263,0.10052,0.11789,0.1021,0.09639,0.10085,0.1,0.11774,0.10456,0.12652,0.12286,0.11714,0.09895,0.11248,0.1009,0.1015,0.10847,0.10591,0.12165,0.08436,0.10616
Sirnak,3264,0.15171,0.15389,0.15263,0.13793,0.12881,0.13242,0.14057,0.14746,0.14488,0.12204,0.14941,0.15527,0.13638,0.13931,0.12904,0.14253,0.13512,0.15762,0.12232,0.14098
Sirnak,3265,0.12746,0.12761,0.12683,0.13088,0.12408,0.13796,0.1186,0.11591,0.11845,0.12657,0.12445,0.13467,0.12858,0.12423,0.13289,0.13244,0.11409,0.13036,0.12286,0.12484
Sirnak,3266,0.14625,0.15529,0.15355,0.12784,0.15081,0.16217,0.13842,0.15017,0.15105,0.16202,0.15032,0.15433,0.14248,0.12431,0.14709,0.16682,0.13979,0.14395,0.15752,0.14914
Sirnak,3267,0.1198,0.10607,0.11216,0.11306,0.09763,0.11886,0.11448,0.12661,0.11437,0.12762,0.12494,0.11705,0.11835,0.11661,0.12777,0.10397,0.13657,0.13248,0.10854,0.11505
Sirnak,3268,0.11753,0.11181,0.13156,0.12165,0.11246,0.11405,0.1119,0.10859,0.09796,0.12802,0.10836,0.11688,0.12438,0.11827,0.10823,0.10397,0.11337,0.11597,0.11483,0.12198
Sirnak,3269,0.09617,0.11017,0.11192,0.11264,0.09774,0.11222,0.10649,0.08766,0.11437,0.11197,0.10982,0.10495,0.10565,0.1157,0.11817,0.10858,0.10665,0.12284,0.11332,0.1146
Sirnak,3270,0.11901,0.10731,0.10666,0.11504,0.10488,0.11462,0.11245,0.11462,0.11427,0.11404,0.11319,0.11346,0.12088,0.10106,0.11286,0.11634,0.11161,0.12576,0.11533,0.11444
Sirnak,3272,0.13045,0.11835,0.10495,0.12012,0.10249,0.11763,0.11504,0.1254,0.12565,0.1159,0.1102,0.1167,0.10861,0.12026,0.12077,0.11276,0.11708,0.12464,0.11953,0.12413
Sirnak,3273,0.10582,0.11674,0.11759,0.1211,0.10547,0.11731,0.11392,0.12751,0.11693,0.11581,0.12402,0.11424,0.12023,0.13144,0.12152,0.11969,0.12741,0.11483,0.1033,0.11027
Sirnak,3274,0.13988,0.14562,0.14837,0.14154,0.13358,0.15467,0.14489,0.13641,0.1379,0.14255,0.13859,0.13859,0.13952,0.1766,0.13762,0.14057,0.15277,0.15543,0.12429,0.14784
Sirnak,3276,0.11985,0.16308,0.15144,0.14011,0.12235,0.13783,0.14607,0.14671,0.13687,0.14038,0.14378,0.16085,0.13852,0.13836,0.14011,0.13224,0.1391,0.15128,0.15035,0.13894
Sirnak,3277,0.12129,0.1332,0.13231,0.11793,0.12192,0.1294,0.13361,0.12402,0.13029,0.12353,0.10185,0.13464,0.12353,0.13267,0.13052,0.13952,0.13173,0.13656,0.116,0.12196
Sirnak,3279,0.11833,0.11696,0.13454,0.10875,0.10374,0.11602,0.11384,0.105,0.0924,0.09658,0.10275,0.11117,0.12103,0.10177,0.11728,0.12367,0.10458,0.12033,0.10689,0.0964
Sirnak,3280,0.11678,0.15265,0.10055,0.16908,0.14541,0.11409,0.11243,0.07346,0.17415,0.1237,0.10913,0.13197,0.11285,0.13083,0.08018,0.1359,0.13125,0.16898,0.10168,0.1021
Sirnak,3281,0.12793,0.12741,0.11893,0.13019,0.12098,0.12934,0.12441,0.12245,0.12506,0.12195,0.12591,0.12749,0.1204,0.11732,0.13911,0.11647,0.11233,0.12591,0.1345,0.12365
Sirnak,3282,0.12636,0.11862,0.11901,0.12049,0.1182,0.12202,0.10373,0.12101,0.11386,0.12038,0.11464,0.11825,0.11511,0.12802,0.13997,0.11763,0.12545,0.11514,0.11407,0.12197
Sirnak,3283,0.12687,0.12164,0.1261,0.13936,0.13219,0.11245,0.14561,0.13129,0.13063,0.12827,0.12339,0.12687,0.11559,0.12211,0.12082,0.12673,0.13946,0.12958,0.11672,0.11857
Sirnak,3284,0.12019,0.11894,0.12415,0.12479,0.10996,0.12111,0.12023,0.12341,0.12157,0.13188,0.12152,0.09288,0.13188,0.12237,0.12343,0.11485,0.12355,0.13266,0.12682,0.12203
Sirnak,3287,0.12612,0.13582,0.10947,0.11615,0.14081,0.12344,0.1192,0.12778,0.11584,0.14071,0.13152,0.1191,0.13033,0.09498,0.12887,0.12331,0.12846,0.11059,0.11652,0.12853
Sirnak,3289,0.1179,0.11713,0.11017,0.11568,0.12524,0.11225,0.11584,0.10985,0.09813,0.11896,0.10869,0.09895,0.11402,0.11302,0.11484,0.12384,0.11128,0.12086,0.11399,0.10861
Sirnak,3290,0.1256,0.10916,0.09745,0.11118,0.107,0.10336,0.10779,0.10784,0.11154,0.10881,0.10997,0.10826,0.11711,0.09426,0.1023,0.10569,0.12524,0.10877,0.09574,0.11034
Sirna,2841,0.12322,0.09971,0.10062,0.12808,0.09906,0.0939,0.10183,0.10695,0.11671,0.09207,0.11858,0.10292,0.11428,0.10995,0.11381,0.11302,0.09181,0.10821,0.09923,0.09581
Sirna,2844,0.14856,0.14549,0.11952,0.14312,0.13891,0.10478,0.10364,0.14444,0.12197,0.11206,0.12101,0.0867,0.15654,0.09249,0.10627,0.11873,0.11829,0.12619,0.10495,0.10451
Sirna,2845,0.15572,0.13072,0.15187,0.11406,0.1451,0.15556,0.13457,0.13939,0.15065,0.14105,0.1511,0.14851,0.1323,0.1233,0.15791,0.14972,0.1498,0.13177,0.15568,0.15977
Sirna,2846,0.11357,0.10317,0.09195,0.09029,0.09913,0.09859,0.10279,0.08628,0.09781,0.10746,0.12005,0.10821,0.11441,0.097,0.08885,0.11689,0.11056,0.09706,0.11119,0.09862
Sirna,2847,0.08969,0.09493,0.10726,0.09201,0.10148,0.1214,0.1088,0.0873,0.10295,0.09389,0.08311,0.10064,0.09204,0.1011,0.11062,0.09809,0.1068,0.08546,0.10044,0.10988
Sirna,2849,0.11672,0.11814,0.10293,0.12014,0.12187,0.12067,0.12491,0.10311,0.11631,0.11854,0.11092,0.11439,0.12672,0.11518,0.1265,0.12507,0.12034,0.12626,0.11913,0.12621
Sirna,2850,0.11585,0.1316,0.14345,0.11898,0.11348,0.11012,0.11673,0.10763,0.13203,0.11758,0.12443,0.11398,0.11957,0.11433,0.13268,0.13514,0.12165,0.13081,0.10822,0.10263
Sirna,2852,0.15838,0.12199,0.14005,0.13071,0.12825,0.12917,0.12817,0.16176,0.12817,0.14243,0.14079,0.12902,0.13076,0.14977,0.12432,0.11925,0.14697,0.12336,0.15632,0.16593
Sirna,2853,0.13795,0.141,0.12855,0.13437,0.12904,0.15465,0.12954,0.14228,0.13428,0.12672,0.13859,0.13562,0.13236,0.13562,0.14155,0.12421,0.13541,0.13806,0.13032,0.14094
Sirna,2855,0.05547,0.10486,0.1257,0.10442,0.13907,0.10971,0.1405,0.11214,0.1257,0.10561,0.13596,0.14255,0.13117,0.11867,0.10707,0.13198,0.1127,0.13565,0.1201,0.12228
Sirna,2856,0.11743,0.12259,0.1131,0.11945,0.12791,0.12381,0.12384,0.11667,0.12923,0.11647,0.11777,0.12174,0.11789,0.12188,0.11894,0.12441,0.11977,0.12174,0.14655,0.11861
Sirna,2857,0.12298,0.12284,0.12086,0.11886,0.12114,0.12469,0.12086,0.15217,0.12322,0.12303,0.12429,0.12532,0.12064,0.12252,0.12149,0.12183,0.11794,0.12064,0.12398,0.12153
Sirna,2858,0.12929,0.14896,0.13612,0.13275,0.13308,0.12183,0.12996,0.13367,0.13429,0.1272,0.13526,0.13591,0.12488,0.13743,0.13096,0.12033,0.13302,0.13968,0.13089,0.11993
Sirna,2861,0.10998,0.08115,0.10141,0.12379,0.14673,0.12241,0.11983,0.09312,0.13337,0.13641,0.11486,0.17003,0.11329,0.12996,0.11385,0.10196,0.12278,0.12306,0.12895,0.09994
Sirna,2862,0.12478,0.08362,0.11575,0.08579,0.11801,0.12341,0.13041,0.12703,0.13082,0.13831,0.10754,0.14604,0.15144,0.11028,0.08958,0.12204,0.13243,0.10681,0.15305,0.12171
Sirna,2863,0.13967,0.12854,0.10099,0.13383,0.15566,0.12206,0.10023,0.10434,0.11914,0.1106,0.12519,0.08391,0.10758,0.09742,0.12735,0.13567,0.1079,0.10952,0.10347,0.07268
Sirna,2864,0.14555,0.13414,0.15863,0.14874,0.11567,0.12781,0.16203,0.15586,0.15371,0.16093,0.16454,0.14775,0.15198,0.13152,0.14989,0.13827,0.15052,0.14984,0.14984,0.13676
Sirna,2865,0.13231,0.14352,0.13757,0.14401,0.13929,0.13576,0.15627,0.12731,0.15962,0.1289,0.11325,0.16357,0.11597,0.15554,0.12028,0.14783,0.13085,0.12654,0.12555,0.14075
Sirna,2866,0.12325,0.10149,0.14853,0.12221,0.11346,0.11356,0.1373,0.11919,0.13843,0.12261,0.12137,0.11252,0.12963,0.11543,0.1141,0.11865,0.11514,0.12335,0.12953,0.1276
Sirna,2867,0.12698,0.12154,0.09689,0.11691,0.10181,0.09422,0.09741,0.1141,0.11947,0.10074,0.1104,0.10744,0.11862,0.12928,0.09726,0.10781,0.11558,0.12017,0.11747,0.11096
Sirna,2868,0.13807,0.13642,0.13807,0.13819,0.11639,0.1316,0.12892,0.13139,0.13258,0.13605,0.1445,0.14235,0.1325,0.13497,0.13028,0.13666,0.14623,0.1283,0.13526,0.12397
Sirna,2869,0.09071,0.12371,0.13094,0.11957,0.13397,0.15512,0.15677,0.12853,0.15491,0.15209,0.13266,0.1432,0.14788,0.1213,0.09423,0.10807,0.14899,0.1536,0.13535,0.12116
Sirna,2870,0.12363,0.12905,0.11902,0.10809,0.09572,0.10611,0.12001,0.12742,0.07197,0.15108,0.12444,0.13681,0.13356,0.12905,0.11586,0.12769,0.11748,0.13799,0.12995,0.16734
Sirna,2871,0.14136,0.13825,0.16129,0.14639,0.1314,0.1426,0.12085,0.14491,0.10614,0.10966,0.15731,0.13455,0.12132,0.12798,0.119,0.11345,0.13575,0.12983,0.07403,0.12011
Sirna,2872,0.1197,0.13973,0.14987,0.14292,0.12896,0.16075,0.1285,0.14101,0.13823,0.16133,0.12474,0.12057,0.1644,0.14471,0.15786,0.13076,0.14946,0.13018,0.15733,0.12873
Sirna,2875,0.11772,0.11837,0.11686,0.11937,0.11997,0.12931,0.12002,0.1246,0.13564,0.12219,0.12698,0.12884,0.11536,0.12463,0.12706,0.13582,0.10966,0.12457,0.12395,0.13519
Sirna,2876,0.14831,0.15899,0.15665,0.12607,0.13219,0.14492,0.12323,0.13791,0.11217,0.13925,0.12913,0.11995,0.16744,0.13146,0.13941,0.1229,0.12974,0.12429,0.13941,0.14909
Sirna,2877,0.09814,0.07819,0.10629,0.10264,0.10148,0.094,0.1016,0.11462,0.09656,0.10312,0.09735,0.08756,0.11577,0.09492,0.11249,0.10781,0.0844,0.10051,0.0892,0.10039
Sirna,2878,0.12225,0.12016,0.12876,0.12175,0.12134,0.12263,0.11864,0.12137,0.1217,0.11254,0.12596,0.11708,0.11441,0.11581,0.11763,0.13591,0.11884,0.1063,0.13569,0.11895
Sirna,2879,0.12064,0.10779,0.11452,0.09397,0.11088,0.13273,0.11717,0.1111,0.12026,0.12807,0.11782,0.11376,0.10698,0.12281,0.1008,0.11479,0.12129,0.12091,0.1002,0.13707
Sirna,2880,0.11243,0.12363,0.12303,0.1181,0.12118,0.13849,0.10471,0.1279,0.13055,0.11876,0.12305,0.12984,0.09862,0.10708,0.12701,0.11985,0.09875,0.11611,0.12133,0.10741
Sirna,2881,0.13613,0.11963,0.12905,0.13243,0.13568,0.13865,0.13818,0.13781,0.13673,0.1248,0.14017,0.14106,0.13782,0.1249,0.13227,0.13891,0.13007,0.13492,0.14017,0.1503
Sirna,2882,0.13876,0.13687,0.12937,0.13977,0.1316,0.12873,0.14204,0.12388,0.1131,0.14361,0.13756,0.13958,0.13479,0.17016,0.12382,0.15288,0.14954,0.10175,0.13939,0.13012
Sirna,2883,0.1052,0.10155,0.08598,0.11742,0.10869,0.09731,0.1039,0.10056,0.12441,0.12251,0.11922,0.11827,0.102,0.11872,0.10779,0.09981,0.10739,0.11048,0.09157,0.09911
Sirna,2884,0.12893,0.14337,0.13248,0.12166,0.13265,0.12959,0.14664,0.13303,0.13538,0.14657,0.13548,0.13534,0.12535,0.13314,0.133,0.13576,0.12756,0.14333,0.13503,0.12511
Sirna,2885,0.11312,0.1219,0.11299,0.12201,0.12523,0.1303,0.12398,0.12393,0.11803,0.11219,0.10667,0.11963,0.11627,0.11584,0.12233,0.11616,0.13204,0.11587,0.13241,0.11286
Sirna,2886,0.13203,0.13773,0.14531,0.13542,0.14031,0.15058,0.13149,0.12509,0.15058,0.11401,0.16285,0.15171,0.13687,0.16231,0.1544,0.15037,0.15623,0.13913,0.15225,0.13703
Sirna,2888,0.17007,0.14787,0.15271,0.1408,0.13937,0.14483,0.14284,0.14094,0.1276,0.14118,0.13482,0.15361,0.15437,0.13187,0.14673,0.15076,0.1436,0.13724,0.16281,0.1789
Sirna,2889,0.1432,0.12297,0.13526,0.13722,0.14139,0.1485,0.12799,0.13485,0.14154,0.13669,0.13658,0.12843,0.12407,0.14242,0.13244,0.13313,0.12344,0.13367,0.13465,0.13631
Sirna,2890,0.11985,0.09748,0.12603,0.09671,0.10636,0.10708,0.10534,0.11403,0.11663,0.11025,0.11745,0.10611,0.09048,0.10514,0.11178,0.10534,0.11086,0.13737,0.11336,0.10473
Sirna,2891,0.14759,0.13073,0.14605,0.14782,0.12142,0.16685,0.17233,0.13508,0.13359,0.12976,0.14993,0.13639,0.12662,0.15073,0.15062,0.14308,0.15142,0.14273,0.14896,0.14725
Sirna,2892,0.11521,0.11292,0.11909,0.10809,0.12349,0.13131,0.11254,0.12576,0.13325,0.12069,0.1284,0.1277,0.11793,0.12338,0.12433,0.12128,0.11381,0.1185,0.12392,0.13196
Sirna,2893,0.10603,0.11638,0.11612,0.09937,0.12279,0.11544,0.11219,0.11762,0.1375,0.12288,0.11514,0.12532,0.12378,0.10928,0.11993,0.12523,0.14071,0.09958,0.10599,0.11429
Sirna,2895,0.1758,0.13563,0.14115,0.13956,0.12694,0.15042,0.12753,0.15942,0.1331,0.13585,0.14617,0.14847,0.1333,0.12269,0.1321,0.12608,0.12138,0.14856,0.15019,0.11735
Sirna,2896,0.14167,0.11555,0.15087,0.10616,0.17263,0.16324,0.11545,0.14018,0.14055,0.13907,0.12838,0.10364,0.1161,0.14688,0.1042,0.12642,0.15385,0.12112,0.12466,0.11852
Sirna,2897,0.13118,0.13265,0.16925,0.17013,0.12489,0.11962,0.12562,0.13089,0.15768,0.13162,0.17042,0.1041,0.10908,0.13279,0.14187,0.14743,0.13353,0.12899,0.10674,0.13807
Sirna,2898,0.12122,0.12275,0.10493,0.11733,0.12359,0.12259,0.11895,0.12714,0.12567,0.12745,0.11166,0.11188,0.13545,0.12832,0.11705,0.12268,0.12122,0.12963,0.1257,0.11982
Sirna,2900,0.12753,0.1179,0.1232,0.11662,0.12923,0.10441,0.11837,0.11671,0.11392,0.11859,0.12402,0.11433,0.13757,0.11828,0.12094,0.11969,0.11891,0.12982,0.11712,0.12214
Sirna,2901,0.1237,0.11892,0.12007,0.10823,0.123,0.12048,0.13751,0.1187,0.11542,0.12271,0.12704,0.12567,0.13732,0.1237,0.11724,0.12176,0.12064,0.1172,0.12678,0.11316
Sirna,2902,0.13442,0.13248,0.14733,0.11504,0.12918,0.13788,0.13859,0.13096,0.13979,0.14772,0.13015,0.13638,0.12885,0.13376,0.13445,0.13057,0.13265,0.1318,0.13327,0.13619
Sirna,2903,0.08919,0.10703,0.09468,0.09131,0.08815,0.10347,0.0909,0.09513,0.10464,0.10216,0.07896,0.09905,0.10293,0.07455,0.0932,0.09847,0.10365,0.09923,0.07896,0.10968
Sirna,2904,0.1376,0.14306,0.15094,0.14874,0.13889,0.14893,0.16923,0.1309,0.16772,0.13957,0.15378,0.14719,0.11094,0.14419,0.14025,0.13673,0.13889,0.14787,0.15397,0.13677
Sirna,2905,0.12603,0.14372,0.11217,0.11112,0.10218,0.13583,0.12634,0.14323,0.12844,0.10323,0.14729,0.11315,0.15475,0.09368,0.14255,0.09109,0.12338,0.11445,0.08912,0.10872
Sirna,2907,0.13525,0.11806,0.11231,0.10518,0.13608,0.11319,0.11858,0.11601,0.12011,0.10727,0.12533,0.13504,0.11001,0.11614,0.10548,0.1185,0.12459,0.10909,0.10996,0.09551
Sirna,2909,0.11479,0.12376,0.11534,0.11565,0.12975,0.11734,0.13031,0.12373,0.11514,0.10626,0.13194,0.11603,0.11897,0.12359,0.11245,0.12542,0.12723,0.11627,0.12924,0.11719
Sirna,2910,0.09134,0.1116,0.10476,0.1055,0.10519,0.11745,0.09242,0.10281,0.07791,0.09874,0.09761,0.10853,0.09848,0.10324,0.10099,0.11779,0.09151,0.08675,0.09982,0.09722
Sirna,2911,0.10997,0.11306,0.107,0.10717,0.10704,0.11648,0.10819,0.0976,0.10734,0.10323,0.09866,0.12216,0.11149,0.10823,0.10683,0.12741,0.13232,0.08935,0.10565,0.09286
Sirna,2912,0.14956,0.1562,0.12923,0.15198,0.1409,0.12848,0.14594,0.11943,0.12983,0.14449,0.13242,0.12784,0.15212,0.14271,0.14495,0.10105,0.13682,0.13746,0.16536,0.13299
Sirna,2914,0.14984,0.14815,0.14003,0.1361,0.14327,0.13341,0.14302,0.16304,0.15099,0.1345,0.16822,0.15577,0.15786,0.14093,0.14232,0.14885,0.14516,0.14382,0.15816,0.11
Sirna,2915,0.12538,0.11422,0.11037,0.12568,0.09484,0.11846,0.11608,0.11898,0.09484,0.10496,0.12123,0.12949,0.12283,0.11054,0.12028,0.10786,0.12936,0.13369,0.11617,0.12638
Sirna,2916,0.09521,0.11312,0.15484,0.13857,0.10483,0.10983,0.10125,0.0976,0.11133,0.11334,0.15707,0.11901,0.09185,0.11558,0.13207,0.11431,0.09006,0.11058,0.13155,0.14245
Sirna,2917,0.10636,0.09702,0.12383,0.11007,0.10229,0.10291,0.09605,0.09401,0.11104,0.12856,0.12113,0.1003,0.10578,0.10804,0.12794,0.12206,0.10786,0.11303,0.10737,0.10078
Sirna,2918,0.10408,0.1369,0.14003,0.13639,0.16717,0.14113,0.14835,0.12537,0.12924,0.13945,0.12552,0.13471,0.14696,0.14995,0.13712,0.15017,0.15871,0.11633,0.1299,0.14368
Sirna,2919,0.12672,0.13054,0.14195,0.12612,0.13661,0.12219,0.11797,0.11136,0.13904,0.14063,0.10803,0.13566,0.16215,0.15618,0.15112,0.13665,0.15439,0.14003,0.12865,0.13904
Sirna,2920,0.09472,0.086,0.1049,0.10026,0.07483,0.09404,0.09908,0.08698,0.07829,0.09445,0.08789,0.10314,0.10929,0.10688,0.086,0.10701,0.09335,0.09939,0.09969,0.10534
Sirna,2921,0.17152,0.14237,0.13225,0.14472,0.16795,0.11856,0.13596,0.15724,0.14765,0.14609,0.15328,0.14633,0.16379,0.16521,0.14472,0.14132,0.15269,0.15161,0.15161,0.14956
Sirna,2923,0.09387,0.09917,0.11791,0.12428,0.11719,0.13,0.12542,0.14981,0.1139,0.12363,0.12048,0.09631,0.1408,0.13951,0.09938,0.12428,0.07785,0.13601,0.13894,0.15081
Sirna,2924,0.1383,0.14452,0.13203,0.13339,0.14577,0.13134,0.13782,0.14316,0.14466,0.13348,0.13839,0.13103,0.13423,0.14793,0.1323,0.12918,0.13609,0.13053,0.12926,0.12062
